,complex,barnase,barstar
1b27,-2272.76812885,-1278.77410704,-1585.07162597
1b2s,-2484.58255428,-1220.10730462,-1629.77874567
1b2u,-2403.4131045,-1263.12839431,-1443.47045485
1b3s,-2298.19244295,-1299.09723952,-1598.99238731
1x1u,-2266.10743944,-1310.80178974,-1585.78947617
1x1w,-2082.47534033,-1250.46006728,-1380.01105688
1x1x,-2191.92190953,-1293.14614259,-1407.7862504
1x1y,-2077.03425903,-1263.89384,-1321.60839837
2za4,-2200.18606253,-1197.92543562,-1381.23192209
