,complex,barnase,barstar
1b27,-2306.56273852,-1298.9680109,-1608.73738557
1b2s,-2519.49777236,-1240.51481366,-1651.67748832
1b2u,-2438.14626401,-1283.51109057,-1464.17583927
1b3s,-2332.10867291,-1319.0941651,-1620.43468154
1x1u,-2298.32596594,-1332.21988928,-1605.11049066
1x1w,-2112.1148872,-1267.41729337,-1401.51799431
1x1x,-2220.71073414,-1314.44853934,-1424.71720354
1x1y,-2107.37581034,-1283.09466532,-1340.54900747
2za4,-2232.3834699,-1216.55625095,-1403.93664866
