,complex,barnase,barstar
1b27,-2474.07305585,-1401.76205839,-1719.21070206
1b2s,-2683.44308517,-1344.4415622,-1762.70909577
1b2u,-2605.76766141,-1380.56211726,-1570.573805
1b3s,-2501.64675955,-1415.83559037,-1733.87753698
1x1u,-2463.42067672,-1437.34362709,-1704.88404
1x1w,-2269.62232197,-1356.7533204,-1511.74621983
1x1x,-2372.11197958,-1417.85714626,-1514.70193864
1x1y,-2265.19826748,-1378.7040985,-1442.66181644
2za4,-2388.96930699,-1306.59970631,-1512.36556823
